"","id","month","mon_hrs_played","mon_fr_ref","sub","money_paid","acct_open","sword","guild","sw_a_g"
"1",1,0,11.7601994720266,0,0,6.3311815509585,1,0,0,0
"2",1,1,12.1870323306247,2,1,11.36692810045,1,1,1,1
"3",1,2,12.8330257702256,1,1,11.4239837764177,1,1,1,1
"4",1,3,14.1806722643565,1,0,3.22861042329023,1,1,1,1
"5",1,4,16.2601994720266,4,1,25.4497382414952,1,1,1,1
"6",1,5,18.3397266796966,4,1,26.8631698582486,1,1,1,1
"7",1,6,19.6873731738275,4,1,27.1131748748988,1,1,1,1
"8",1,7,20.3333666134285,4,1,27.0976231942064,1,1,1,1
"9",1,8,20.5983235823678,4,1,25.8638949008675,1,1,1,1
"10",1,9,20.699963813708,4,1,25.4682951931878,1,1,1,1
"11",1,10,20.7379458636169,5,1,25.972129367316,1,1,1,1
"12",2,0,11.7069925096533,0,0,9.45991338263137,1,0,0,0
"13",2,1,0,0,0,0,0,0,0,0
"14",2,2,0,0,0,0,0,0,0,0
"15",2,3,0,0,0,0,0,0,0,0
"16",2,4,0,0,0,0,0,0,0,0
"17",2,5,0,0,0,0,0,0,0,0
"18",2,6,0,0,0,0,0,0,0,0
"19",2,7,0,0,0,0,0,0,0,0
"20",2,8,0,0,0,0,0,0,0,0
"21",2,9,0,0,0,0,0,0,0,0
"22",2,10,0,0,0,0,0,0,0,0
"23",3,0,10.0742406286885,0,0,7.19509389364475,1,0,0,0
"24",3,1,10.7638991356774,1,1,12.114277541571,1,0,0,0
"25",3,2,0,0,0,0,0,0,0,0
"26",3,3,0,0,0,0,0,0,0,0
"27",3,4,0,0,0,0,0,0,0,0
"28",3,5,0,0,0,0,0,0,0,0
"29",3,6,0,0,0,0,0,0,0,0
"30",3,7,0,0,0,0,0,0,0,0
"31",3,8,0,0,0,0,0,0,0,0
"32",3,9,0,0,0,0,0,0,0,0
"33",3,10,0,0,0,0,0,0,0,0
"34",4,0,6.50682738727067,0,0,2.93575251938518,1,0,0,0
"35",4,1,5.78204328977161,1,0,7.58291580054922,1,0,0,0
"36",4,2,5.8718043581681,1,0,4.72705191636688,1,0,0,0
"37",4,3,5.17314286519086,0,1,7.99085466514047,1,0,0,0
"38",4,4,5.39139245926008,2,1,8.43971565838076,1,0,0,0
"39",4,5,6.27303491972399,1,1,8.14767109748338,1,0,0,0
"40",4,6,9.38467371405297,0,0,4.67146680965427,1,1,0,0
"41",4,7,14.3316002788694,2,0,3.46811277096369,1,1,0,0
"42",4,8,15.3449514976118,2,0,5.74773146306619,1,1,1,1
"43",4,9,15.4465917289521,2,1,22.7948093563757,1,1,1,1
"44",4,10,15.484573778861,2,1,24.556765480399,1,1,1,1
"45",5,0,10.8049553686868,0,0,6.44997838831061,1,1,0,0
"46",5,1,11.9385595284823,2,0,4.37762728242226,1,1,0,0
"47",5,2,11.8777816668859,1,1,11.8381448055949,1,1,1,1
"48",5,3,13.2254281610168,3,0,4.47892067867897,1,1,1,1
"49",5,4,15.3049553686868,2,0,8.99129971673188,1,1,1,1
"50",5,5,17.3844825763568,4,1,26.0993720205731,1,1,1,1
"51",5,6,18.7321290704877,4,1,26.4678309107841,1,1,1,1
"52",5,7,19.3781225100887,5,0,3.46566878123784,1,1,1,1
"53",5,8,19.643079479028,4,1,25.7295426065196,1,1,1,1
"54",5,9,19.7447197103682,4,1,25.4372704438825,1,1,1,1
"55",5,10,19.7827017602771,4,1,28.3261909161071,1,1,1,1
"56",6,0,11.7706925905292,0,0,2.30278626122351,1,0,0,0
"57",6,1,12.1975254491273,2,1,7.78206901385417,1,1,1,1
"58",6,2,12.8435188887283,2,1,7.35551530796775,1,1,1,1
"59",6,3,14.1911653828592,2,0,5.49095213310756,1,1,1,1
"60",6,4,16.2706925905292,4,1,22.0850457899914,1,1,1,1
"61",6,5,18.3502197981992,5,1,19.9571269742448,1,1,1,1
"62",6,6,19.6978662923301,4,1,22.6895311611808,1,1,1,1
"63",6,7,20.3438597319311,4,1,21.9188106283639,1,1,1,1
"64",6,8,0,0,0,0,0,0,0,0
"65",6,9,0,0,0,0,0,0,0,0
"66",6,10,0,0,0,0,0,0,0,0
"67",7,0,10.2742847969398,0,0,3.83081175374096,1,0,0,0
"68",7,1,11.4775107816875,1,0,6.72654551663277,1,0,0,0
"69",7,2,10.2939397710974,1,0,4.24139152560277,1,0,0,0
"70",7,3,12.5745396252147,3,1,8.48180474370381,1,0,0,0
"71",7,4,14.7742847969398,2,1,22.5170748824905,1,1,1,1
"72",7,5,16.8538120046099,4,1,23.9170926016978,1,1,1,1
"73",7,6,18.2014584987408,4,1,22.4291048039055,1,1,1,1
"74",7,7,18.8474519383417,5,1,23.3262911312621,1,1,1,1
"75",7,8,19.112408907281,4,1,22.9481762913493,1,1,1,1
"76",7,9,19.2140491386213,4,1,25.3140182794719,1,1,1,1
"77",7,10,19.2520311885301,4,1,22.132511452206,1,1,1,1
"78",8,0,9.16923891581453,0,0,9.94985218918585,1,1,0,0
"79",8,1,9.83077992700227,1,1,14.3497620642537,1,1,0,0
"80",8,2,10.2206511698919,1,0,4.53465098594017,1,1,0,0
"81",8,3,10.3601120353964,2,0,4.72820505195634,1,1,0,0
"82",8,4,12.0010031549897,1,0,2.26174462525388,1,1,0,0
"83",8,5,15.7487661234846,1,0,2.93515192348604,1,1,1,1
"84",8,6,17.0964126176155,4,1,30.8334955249853,1,1,1,1
"85",8,7,17.7424060572164,3,1,29.885949644302,1,1,1,1
"86",8,8,18.0073630261557,3,1,30.7713090406253,1,1,1,1
"87",8,9,18.109003257496,3,1,30.0490326004635,1,1,1,1
"88",8,10,18.1469853074048,4,1,30.7819090802944,1,1,1,1
"89",9,0,10.3039543894873,0,0,1.68858781860167,1,0,0,0
"90",9,1,9.53017453640326,0,0,3.9086631213652,1,0,0,0
"91",9,2,9.9971751443436,1,0,5.46853667727118,1,0,1,0
"92",9,3,11.2243273799942,1,0,5.94144978906537,1,0,1,0
"93",9,4,12.2471620010664,2,0,3.99596078933803,1,0,1,0
"94",9,5,14.9878009360209,2,1,23.5897477121279,1,0,1,0
"95",9,6,17.4710018537917,5,1,22.9497656495007,1,0,1,0
"96",9,7,18.8771215308892,4,1,21.8318534756386,1,1,1,1
"97",9,8,19.1420784998285,4,1,21.4900134476487,1,1,1,1
"98",9,9,19.2437187311688,3,1,21.5455510043157,1,1,1,1
"99",9,10,19.2817007810776,5,1,22.429420536249,1,1,1,1
"100",10,0,11.9706854732524,0,0,4.07317571524124,1,0,0,0
"101",10,1,11.2138909121627,1,1,8.656796335626,1,0,1,0
"102",10,2,0,0,0,0,0,0,0,0
"103",10,3,0,0,0,0,0,0,0,0
"104",10,4,0,0,0,0,0,0,0,0
"105",10,5,0,0,0,0,0,0,0,0
"106",10,6,0,0,0,0,0,0,0,0
"107",10,7,0,0,0,0,0,0,0,0
"108",10,8,0,0,0,0,0,0,0,0
"109",10,9,0,0,0,0,0,0,0,0
"110",10,10,0,0,0,0,0,0,0,0
"111",11,0,9.17546485609706,0,0,0.657669360465484,1,0,0,0
"112",11,1,8.56205159644697,1,0,5.11773000779833,1,0,1,0
"113",11,2,10.3833604977001,2,0,4.47909039921124,1,0,1,0
"114",11,3,11.2079654941467,0,1,5.58380404191206,1,0,1,0
"115",11,4,12.075373546191,1,0,10.3530195708461,1,0,1,0
"116",11,5,14.8036745857142,1,0,3.97742564347493,1,0,1,0
"117",11,6,17.102638557898,4,1,19.9014916712812,1,1,1,1
"118",11,7,17.748631997499,4,1,19.4184791277725,1,1,1,1
"119",11,8,18.0135889664382,4,1,20.5701846819067,1,1,1,1
"120",11,9,18.1152291977785,4,1,21.1998966787326,1,1,1,1
"121",11,10,18.1532112476874,4,1,22.202339255265,1,1,1,1
"122",12,0,12.3408882154388,0,0,3.65576168662044,1,0,1,0
"123",12,1,12.7677210740369,2,1,7.88327745459777,1,1,1,1
"124",12,2,13.4137145136378,2,0,3.55836542012352,1,1,1,1
"125",12,3,14.7613610077687,1,1,23.8407643238764,1,1,1,1
"126",12,4,16.8408882154388,4,0,4.14840266220736,1,1,1,1
"127",12,5,18.9204154231088,3,1,23.984198843528,1,1,1,1
"128",12,6,20.2680619172397,5,1,22.9432231966706,1,1,1,1
"129",12,7,20.9140553568407,5,1,24.0271428356136,1,1,1,1
"130",12,8,21.17901232578,4,1,23.1940427719767,1,1,1,1
"131",12,9,21.2806525571202,5,1,23.0552395749801,1,1,1,1
"132",12,10,21.3186346070291,4,1,22.6494281003108,1,1,1,1
"133",13,0,11.7788594619876,0,0,4.44826531863467,1,0,0,0
"134",13,1,13.080055749058,2,0,4.67117620449403,1,0,1,0
"135",13,2,12.8516857601866,2,0,7.00070807995653,1,1,1,1
"136",13,3,14.1993322543175,2,0,8.72508713573776,1,1,1,1
"137",13,4,16.2788594619876,4,1,22.8872611029238,1,1,1,1
"138",13,5,18.3583866696576,4,1,25.0529833629953,1,1,1,1
"139",13,6,19.7060331637885,4,1,24.544187801285,1,1,1,1
"140",13,7,20.3520266033895,4,1,23.1294156427635,1,1,1,1
"141",13,8,20.6169835723288,5,1,24.5686166369516,1,1,1,1
"142",13,9,20.718623803669,4,1,24.9148213988251,1,1,1,1
"143",13,10,20.7566058535779,4,1,24.4010852821941,1,1,1,1
"144",14,0,11.1582712345341,0,0,2.82932496062213,1,0,0,0
"145",14,1,10.4691639366666,2,0,7.83007447751577,1,0,0,0
"146",14,2,10.0404107617973,1,0,4.16838356798413,1,0,0,0
"147",14,3,8.46773004976843,1,0,6.40836183051428,1,0,0,0
"148",14,4,6.82331176038177,1,1,7.83249771350839,1,0,0,0
"149",14,5,4.59476370157267,1,1,7.38673500980754,1,0,0,0
"150",14,6,5.42009582511012,1,0,0.470213533818996,1,0,0,0
"151",14,7,4.63453974832533,0,0,2.7231327682536,1,0,0,0
"152",14,8,7.08002214178528,1,1,8.03260961709092,1,1,0,0
"153",14,9,10.8341912258629,1,0,7.39974342850415,1,1,0,0
"154",14,10,20.1360176261244,4,0,2.76108300644124,1,1,1,1
"155",15,0,10.2135416001148,0,0,3.08951484204377,1,0,0,0
"156",15,1,9.85184227392148,1,0,3.17349532014464,1,0,0,0
"157",15,2,10.9194964197042,1,0,3.29601518049834,1,1,0,0
"158",15,3,11.1016906827698,2,0,5.90665545410724,1,1,0,0
"159",15,4,13.4802537529586,2,1,8.45593638251174,1,1,0,0
"160",15,5,15.9916887264855,2,0,4.00523761165457,1,1,0,0
"161",15,6,18.5797155565314,4,1,23.4005223192869,1,1,0,0
"162",15,7,18.7867087415167,5,1,22.0449711471669,1,1,1,1
"163",15,8,19.051665710456,4,1,23.9463014012542,1,1,1,1
"164",15,9,19.1533059417962,4,1,21.9415945432266,1,1,1,1
"165",15,10,19.1912879917051,4,1,22.5363208653847,1,1,1,1
"166",16,0,10.905323222948,0,1,5.07631863081437,1,1,0,0
"167",16,1,11.3321560815461,1,0,5.08660932122924,1,1,1,1
"168",16,2,11.978149521147,2,0,6.50083593106737,1,1,1,1
"169",16,3,13.3257960152779,2,0,5.56152531783167,1,1,1,1
"170",16,4,15.405323222948,1,0,3.12728776305811,1,1,1,1
"171",16,5,17.484850430618,5,1,24.9510597467135,1,1,1,1
"172",16,6,18.8324969247489,4,1,27.7880927070247,1,1,1,1
"173",16,7,19.4784903643499,4,1,26.0334171561435,1,1,1,1
"174",16,8,19.7434473332892,3,1,25.6898566587247,1,1,1,1
"175",16,9,19.8450875646294,5,1,25.6260182332579,1,1,1,1
"176",16,10,19.8830696145383,4,1,26.1769573913657,1,1,1,1
"177",17,0,9.59022334241671,0,0,5.46500366982955,1,0,0,0
"178",17,1,8.32938576770737,1,0,3.26050210107495,1,0,0,0
"179",17,2,9.6781425986693,1,0,5.19714661943643,1,0,0,0
"180",17,3,9.8148323168257,1,0,5.2096895170172,1,0,0,0
"181",17,4,10.212898378504,2,0,3.60828672003216,1,0,0,0
"182",17,5,10.4824941825878,1,0,5.00651697599006,1,0,0,0
"183",17,6,11.7940158917419,1,0,6.60334692785103,1,0,0,0
"184",17,7,11.9384179110858,1,0,3.3172298751077,1,0,0,0
"185",17,8,18.4283474527579,4,1,26.0867844567133,1,1,1,1
"186",17,9,18.5299876840981,4,1,22.755622481494,1,1,1,1
"187",17,10,18.567969734007,4,1,25.3109843140496,1,1,1,1
"188",18,0,11.1965283341782,0,0,3.31814499627347,1,0,0,0
"189",18,1,11.4000011737455,1,0,3.22732785302116,1,0,0,0
"190",18,2,11.5124448592082,2,1,8.21547252704694,1,1,0,0
"191",18,3,13.6170011265082,2,0,4.92954382312418,1,1,1,1
"192",18,4,15.6965283341782,2,0,5.62530187664596,1,1,1,1
"193",18,5,17.7760555418483,4,1,24.0492351952699,1,1,1,1
"194",18,6,19.1237020359792,4,1,21.7875550228101,1,1,1,1
"195",18,7,19.7696954755801,4,1,22.2814443267189,1,1,1,1
"196",18,8,20.0346524445194,3,1,22.9239993533511,1,1,1,1
"197",18,9,20.1362926758597,4,1,24.2192847554912,1,1,1,1
"198",18,10,20.1742747257685,3,1,22.5803155133331,1,1,1,1
"199",19,0,9.43444158951812,0,0,7.04399316217439,1,0,0,0
"200",19,1,8.62773462683696,1,1,12.1396143840394,1,0,0,0
"201",19,2,8.87628397418906,-1,0,3.51987007477061,1,0,0,0
"202",19,3,10.0350920326377,1,0,3.2204943641659,1,0,0,0
"203",19,4,11.2820594632255,0,1,11.7574062232493,1,0,0,0
"204",19,5,10.8841874808919,1,0,5.42861164821974,1,0,0,0
"205",19,6,11.0999020583049,2,0,4.64588746091138,1,0,0,0
"206",19,7,11.5707965823303,1,0,6.09616349553023,1,0,0,0
"207",19,8,18.2725656998593,4,0,1.76168758448164,1,1,1,1
"208",19,9,18.3742059311996,4,1,29.180205208073,1,1,1,1
"209",19,10,18.4121879811084,4,1,26.9807737175566,1,1,1,1
"210",20,0,8.45683166263967,0,1,1.81480552008227,1,0,0,0
"211",20,1,10.5057842771492,1,0,7.16483901978996,1,0,0,0
"212",20,2,9.18239273785488,1,0,5.21009867388295,1,0,0,0
"213",20,3,11.3773507229736,1,0,3.1290219134616,1,0,0,0
"214",20,4,11.8002150738931,1,0,4.76170097419494,1,0,0,0
"215",20,5,15.2857088405233,2,0,10.6089360139964,1,1,0,0
"216",20,6,20.6047835474005,4,1,22.5491334889453,1,1,0,0
"217",20,7,17.0299988040416,4,1,22.6485605704177,1,1,1,1
"218",20,8,17.2949557729808,4,1,22.1967827251664,1,1,1,1
"219",20,9,17.3965960043211,4,1,22.4130538582988,1,1,1,1
"220",20,10,17.43457805423,3,1,21.6431355185747,1,1,1,1
"221",21,0,10.1554259857402,0,0,5.18381002475517,1,0,0,0
"222",21,1,12.0923980355984,1,0,4.30175205187011,1,0,0,0
"223",21,2,0,0,0,0,0,0,0,0
"224",21,3,0,0,0,0,0,0,0,0
"225",21,4,0,0,0,0,0,0,0,0
"226",21,5,3.67212803851262,1,1,9.45174290769399,1,0,1,0
"227",21,6,6.64396709522684,1,0,3.26146006483596,1,0,1,0
"228",21,7,9.48515763221728,2,0,4.6682939168302,1,0,1,0
"229",21,8,11.7591135967329,0,0,4.78448511001393,1,0,1,0
"230",21,9,19.0951903274216,3,0,6.59555589508175,1,1,1,1
"231",21,10,19.1331723773305,3,1,25.3508291834274,1,1,1,1
"232",22,0,10.3148622645176,0,0,5.9833878002691,1,0,0,0
"233",22,1,12.4234701852055,2,1,10.6462031814852,1,0,0,0
"234",22,2,11.3876885627167,1,0,5.91472791983196,1,1,1,1
"235",22,3,12.7353350568476,1,0,2.78300830505872,1,1,1,1
"236",22,4,14.8148622645176,2,0,4.24497415744594,1,1,1,1
"237",22,5,16.8943894721877,5,1,26.4783767322418,1,1,1,1
"238",22,6,18.2420359663186,4,1,24.7298296517061,1,1,1,1
"239",22,7,18.8880294059195,4,1,27.365575356804,1,1,1,1
"240",22,8,19.1529863748588,3,1,25.3588209663547,1,1,1,1
"241",22,9,19.2546266061991,4,1,26.6519934404989,1,1,1,1
"242",22,10,19.2926086561079,4,1,26.7081166657379,1,1,1,1
"243",23,0,8.13765433533505,0,1,7.6059439458789,1,0,0,0
"244",23,1,8.68422442116866,2,0,7.32191649478101,1,0,0,0
"245",23,2,8.49377361741976,1,0,1.64777030271563,1,0,0,0
"246",23,3,7.06434038419249,1,0,5.74286406650063,1,0,0,0
"247",23,4,5.4615490018418,1,1,12.6858998469905,1,0,0,0
"248",23,5,5.56894443741053,1,0,4.71079835926174,1,0,0,0
"249",23,6,5.81751137234084,1,0,3.63141941689565,1,0,0,0
"250",23,7,4.61162550678578,0,0,0.726363931737012,1,0,0,0
"251",23,8,4.37478086471174,2,0,6.02219377155223,1,0,0,0
"252",23,9,4.24072890034192,1,1,13.2682533853749,1,0,0,0
"253",23,10,4.90476854856731,1,0,6.43527294140037,1,0,0,0
"254",24,0,6.88422884100026,0,0,5.59613076970369,1,0,0,0
"255",24,1,6.1668123878403,2,0,6.55271156920632,1,0,0,0
"256",24,2,7.70675578164063,2,0,3.11499013066384,1,0,0,0
"257",24,3,6.42798098898353,1,0,2.55263962395658,1,0,0,0
"258",24,4,7.80028717121707,1,0,6.21064575196805,1,1,0,0
"259",24,5,10.7309654850117,1,0,3.85455763607488,1,1,0,0
"260",24,6,14.3427271069255,2,0,7.69641858653709,1,1,0,0
"261",24,7,15.4573959824022,2,1,24.4083979421285,1,1,1,1
"262",24,8,15.7223529513414,1,0,3.72459244030988,1,1,1,1
"263",24,9,15.8239931826817,2,1,28.8249843030212,1,1,1,1
"264",24,10,15.8619752325906,3,1,25.3942522170046,1,1,1,1
"265",25,0,9.59669077137291,0,0,2.91882755964807,1,0,0,0
"266",25,1,9.27382486510145,1,1,8.20631334596987,1,0,0,0
"267",25,2,9.75055129397315,1,0,7.15579615886184,1,0,0,0
"268",25,3,8.62287603939497,1,0,3.04821960517915,1,0,0,0
"269",25,4,11.3011382614766,1,1,7.96946782204579,1,0,1,0
"270",25,5,12.4684576981549,1,0,1.76324503906366,1,0,1,0
"271",25,6,14.5555541477786,3,1,22.3030689448782,1,0,1,0
"272",25,7,18.1698579127748,4,1,21.822993346466,1,1,1,1
"273",25,8,18.4348148817141,5,1,22.9173568649136,1,1,1,1
"274",25,9,18.5364551130543,4,1,23.2565580029406,1,1,1,1
"275",25,10,18.5744371629632,4,1,24.2280446437251,1,1,1,1
"276",26,0,11.9134229600491,0,0,4.33684698109356,1,1,1,1
"277",26,1,12.3402558186472,2,1,8.79246526809461,1,1,1,1
"278",26,2,12.9862492582481,2,0,4.23420772763894,1,1,1,1
"279",26,3,14.333895752379,1,0,6.0185479033223,1,1,1,1
"280",26,4,16.4134229600491,4,1,25.214822444207,1,1,1,1
"281",26,5,18.4929501677191,4,1,24.3682278002274,1,1,1,1
"282",26,6,19.84059666185,4,1,23.9839263048164,1,1,1,1
"283",26,7,20.486590101451,4,1,23.8965832434613,1,1,1,1
"284",26,8,20.7515470703902,4,1,25.3654802653778,1,1,1,1
"285",26,9,20.8531873017305,5,1,24.8613372431764,1,1,1,1
"286",26,10,20.8911693516393,4,1,24.0024663676532,1,1,1,1
"287",27,0,10.1523986207766,0,1,7.40293742291833,1,0,0,0
"288",27,1,8.4697254949105,1,0,0.938759309822491,1,0,0,0
"289",27,2,7.96148411377536,1,0,4.50423028900203,1,0,0,0
"290",27,3,7.68762703884107,1,1,12.5018147561777,1,0,0,0
"291",27,4,5.35381002232617,1,0,1.85977356696333,1,0,0,0
"292",27,5,7.74732865732049,1,0,7.0839250419582,1,1,0,0
"293",27,6,11.1586940810721,1,1,13.4393656479689,1,1,0,0
"294",27,7,12.9707064334859,2,1,13.893199211051,1,1,0,0
"295",27,8,18.9905227311178,3,0,5.1749906936418,1,1,1,1
"296",27,9,19.0921629624581,4,1,26.9864876692665,1,1,1,1
"297",27,10,19.1301450123669,4,1,25.1777993778447,1,1,1,1
"298",28,0,10.6130124585465,0,0,4.27859139485477,1,0,0,0
"299",28,1,10.5949324665181,1,0,1.91210411689396,1,0,0,0
"300",28,2,12.4474510012206,2,0,5.33663161895323,1,0,0,0
"301",28,3,14.4151970657432,3,0,2.96907006579112,1,1,0,0
"302",28,4,15.1130124585465,2,1,23.3657002708198,1,1,1,1
"303",28,5,17.1925396662166,4,1,24.031824408883,1,1,1,1
"304",28,6,18.5401861603474,5,1,25.9005422202371,1,1,1,1
"305",28,7,19.1861795999484,4,1,23.6410641600009,1,1,1,1
"306",28,8,19.4511365688877,4,1,24.8530846320575,1,1,1,1
"307",28,9,19.5527768002279,4,1,23.0730429599025,1,1,1,1
"308",28,10,19.5907588501368,4,1,24.3139837698927,1,1,1,1
"309",29,0,10.9644088106663,0,0,5.84414892238891,1,1,0,0
"310",29,1,10.1841328381696,1,0,5.23769596476921,1,1,0,0
"311",29,2,8.91393464951281,2,0,2.75946832256717,1,1,0,0
"312",29,3,0,0,0,0,0,0,0,0
"313",29,4,0,0,0,0,0,0,0,0
"314",29,5,0,0,0,0,0,0,0,0
"315",29,6,0,0,0,0,0,0,0,0
"316",29,7,0,0,0,0,0,0,0,0
"317",29,8,0,0,0,0,0,0,0,0
"318",29,9,0,0,0,0,0,0,0,0
"319",29,10,0,0,0,0,0,0,0,0
"320",30,0,8.6316704162554,0,0,9.02089449628306,1,0,0,0
"321",30,1,10.7072488474248,1,0,7.72684541892277,1,0,0,0
"322",30,2,11.781044815961,0,0,0.415560167925302,1,0,0,0
"323",30,3,11.0521432085854,1,1,13.6921572066684,1,1,1,1
"324",30,4,13.1316704162554,2,1,13.1609651907751,1,1,1,1
"325",30,5,15.2111976239254,2,0,6.18572794958682,1,1,1,1
"326",30,6,16.5588441180563,4,1,29.5995267138908,1,1,1,1
"327",30,7,17.2048375576573,5,1,28.8930418105063,1,1,1,1
"328",30,8,17.4697945265966,4,1,29.4169749890276,1,1,1,1
"329",30,9,17.5714347579368,4,1,30.1050604621805,1,1,1,1
"330",30,10,17.6094168078457,4,1,30.2994613154774,1,1,1,1
"331",31,0,8.69740167830962,0,0,5.65065930054562,1,0,0,0
"332",31,1,9.32380242682673,1,1,10.4194777729646,1,0,0,0
"333",31,2,9.02929165341882,1,0,4.76425597218621,1,0,0,0
"334",31,3,0,0,0,0,0,0,0,0
"335",31,4,0,0,0,0,0,0,0,0
"336",31,5,0,0,0,0,0,0,0,0
"337",31,6,0,0,0,0,0,0,0,0
"338",31,7,0,0,0,0,0,0,0,0
"339",31,8,0,0,0,0,0,0,0,0
"340",31,9,0,0,0,0,0,0,0,0
"341",31,10,0,0,0,0,0,0,0,0
"342",32,0,11.2716144326771,0,0,5.19550635458337,1,1,0,0
"343",32,1,11.1764590059612,0,1,10.9996423678895,1,1,0,0
"344",32,2,10.3492076735766,1,0,2.36725846981388,1,1,0,0
"345",32,3,11.4270732748584,1,0,10.8306546684739,1,1,0,0
"346",32,4,15.0739012220852,2,1,24.9076082721013,1,1,0,0
"347",32,5,17.8511416403472,4,1,24.8370257648771,1,1,1,1
"348",32,6,19.1987881344781,4,1,24.3559064465949,1,1,1,1
"349",32,7,19.844781574079,4,1,25.1419202089114,1,1,1,1
"350",32,8,20.1097385430183,4,1,24.5848976308753,1,1,1,1
"351",32,9,20.2113787743586,4,1,24.581624669008,1,1,1,1
"352",32,10,20.2493608242674,3,1,23.5299184991705,1,1,1,1
"353",33,0,10.0827765278063,0,1,2.30725992370755,1,0,0,0
"354",33,1,11.3584835968083,1,1,7.38576977199865,1,0,0,0
"355",33,2,9.79797700404487,1,0,6.494266036553,1,0,0,0
"356",33,3,8.71241547636356,1,1,7.11810232498118,1,0,0,0
"357",33,4,11.8736380272692,0,0,1.81428164268908,1,1,0,0
"358",33,5,16.6623037354763,4,0,4.40748485037212,1,1,1,1
"359",33,6,18.0099502296072,4,1,20.644957740269,1,1,1,1
"360",33,7,18.6559436692082,4,1,22.1937465874197,1,1,1,1
"361",33,8,18.9209006381474,4,1,22.9478916521952,1,1,1,1
"362",33,9,19.0225408694877,4,1,22.2828547160931,1,1,1,1
"363",33,10,19.0605229193965,5,1,22.2378527986864,1,1,1,1
"364",34,0,9.84652172986295,0,0,2.34986738033381,1,0,0,0
"365",34,1,10.1853861994849,1,0,3.20702800134942,1,0,0,0
"366",34,2,9.49836665228482,1,1,6.81739179736595,1,0,0,0
"367",34,3,11.0778501867661,1,0,6.76521177139946,1,0,0,0
"368",34,4,10.6380988745622,2,0,7.52044034441028,1,0,0,0
"369",34,5,10.0152216527966,1,0,6.52821476202875,1,0,0,0
"370",34,6,10.227633835005,2,0,4.3984963214014,1,0,0,0
"371",34,7,0,0,0,0,0,0,0,0
"372",34,8,0,0,0,0,0,0,0,0
"373",34,9,0,0,0,0,0,0,0,0
"374",34,10,0,0,0,0,0,0,0,0
"375",35,0,11.2419462024419,0,0,7.28308009024501,1,0,0,0
"376",35,1,12.8674277579573,2,0,9.1198679162639,1,0,0,0
"377",35,2,12.314772500641,2,0,3.5161651673052,1,1,1,1
"378",35,3,13.6624189947719,3,0,3.96642493594322,1,1,1,1
"379",35,4,15.7419462024419,2,1,26.5702336282498,1,1,1,1
"380",35,5,17.8214734101119,4,1,26.7693030489974,1,1,1,1
"381",35,6,19.1691199042428,4,1,26.9445407654775,1,1,1,1
"382",35,7,19.8151133438438,4,1,28.1674499896161,1,1,1,1
"383",35,8,20.0800703127831,4,1,26.9167925825072,1,1,1,1
"384",35,9,20.1817105441233,5,1,26.6539080471393,1,1,1,1
"385",35,10,20.2196925940322,4,1,26.9063498290559,1,1,1,1
"386",36,0,11.9380679434114,0,0,6.02843649943822,1,0,0,0
"387",36,1,10.2084128142547,1,0,4.41783659950358,1,0,1,0
"388",36,2,11.335688503601,1,0,0.044749436603766,1,0,1,0
"389",36,3,12.562356597277,1,0,8.22162936348716,1,0,1,0
"390",36,4,16.4380679434114,4,0,6.55826053321554,1,1,1,1
"391",36,5,18.5175951510815,4,1,27.7770384752173,1,1,1,1
"392",36,6,19.8652416452124,5,1,26.3730269270708,1,1,1,1
"393",36,7,20.5112350848133,5,1,24.9945958985563,1,1,1,1
"394",36,8,20.7761920537526,4,1,26.9669757095759,1,1,1,1
"395",36,9,20.8778322850929,4,1,25.6528917816688,1,1,1,1
"396",36,10,20.9158143350017,4,1,25.7145587641541,1,1,1,1
"397",37,0,10.2553196964832,0,0,2.83912906727807,1,0,0,0
"398",37,1,10.5610176993091,1,0,4.2968097516798,1,0,0,0
"399",37,2,9.87323546259035,1,0,5.94206955467922,1,1,0,0
"400",37,3,12.6757924888132,3,0,3.46635238168036,1,1,1,1
"401",37,4,14.7553196964832,1,1,24.5475556761554,1,1,1,1
"402",37,5,16.8348469041533,3,1,21.1076573774166,1,1,1,1
"403",37,6,18.1824933982842,4,1,23.4374774920414,1,1,1,1
"404",37,7,18.8284868378851,4,1,23.5614047256161,1,1,1,1
"405",37,8,19.0934438068244,3,1,22.9569954700878,1,1,1,1
"406",37,9,19.1950840381647,4,1,21.9368253878283,1,1,1,1
"407",37,10,19.2330660880735,3,1,24.0709754084091,1,1,1,1
"408",38,0,11.4116190094291,0,0,8.80614364913706,1,0,0,0
"409",38,1,10.3197919952807,1,0,2.61089653223467,1,0,0,0
"410",38,2,9.81553039500386,1,0,4.77782430265823,1,0,0,0
"411",38,3,9.44242153611325,1,0,4.77685236776089,1,0,0,0
"412",38,4,12.7886835023793,2,0,9.31450331338113,1,0,1,0
"413",38,5,17.9911462170991,5,1,29.0535327295301,1,1,1,1
"414",38,6,19.33879271123,4,1,29.8450705895571,1,1,1,1
"415",38,7,19.984786150831,4,1,29.8900685336322,1,1,1,1
"416",38,8,20.2497431197702,4,1,26.7066226249848,1,1,1,1
"417",38,9,20.3513833511105,5,1,28.4226397596404,1,1,1,1
"418",38,10,20.3893654010194,3,1,30.1918081014501,1,1,1,1
"419",39,0,9.25018537548514,0,0,6.44141502267269,1,0,0,0
"420",39,1,9.15173906963402,1,0,-0.791359151082995,1,0,0,0
"421",39,2,9.24265799129106,2,1,10.849483633206,1,0,1,0
"422",39,3,9.79598407955248,1,0,7.65850803120766,1,0,1,0
"423",39,4,11.0006374454716,0,0,4.16342382000126,1,0,1,0
"424",39,5,15.4480491464142,2,1,27.7578247059537,1,0,1,0
"425",39,6,17.1773590772861,4,1,26.1432114286089,1,1,1,1
"426",39,7,17.823352516887,3,1,26.5203836988689,1,1,1,1
"427",39,8,18.0883094858263,4,0,3.50029175640647,1,1,1,1
"428",39,9,18.1899497171666,4,0,7.7807875634282,1,1,1,1
"429",39,10,18.2279317670754,4,0,3.17540476017992,1,1,1,1
"430",40,0,9.85168580440192,0,1,6.79171592782028,1,0,0,0
"431",40,1,9.58015692575434,1,0,6.25066548671142,1,0,0,0
"432",40,2,10.8552518026545,0,1,11.5115852829199,1,0,1,0
"433",40,3,13.6884578081668,2,0,3.02894028241225,1,0,1,0
"434",40,4,16.0021662214011,4,0,6.6391783435918,1,0,1,0
"435",40,5,19.115528155891,5,1,25.0065287498675,1,0,1,0
"436",40,6,17.7788595062029,5,1,26.4473551097138,1,1,1,1
"437",40,7,18.4248529458038,4,1,26.6041626100505,1,1,1,1
"438",40,8,18.6898099147431,4,1,26.6380297478451,1,1,1,1
"439",40,9,18.7914501460834,3,1,25.8957573611366,1,1,1,1
"440",40,10,18.8294321959922,4,1,25.9953251177181,1,1,1,1
"441",41,0,11.5204015907813,0,0,4.66394865041855,1,0,0,0
"442",41,1,12.4710255357655,2,1,10.1467456231619,1,0,0,0
"443",41,2,12.4497145489953,2,0,3.92398003210645,1,0,1,0
"444",41,3,13.9408743831113,2,1,9.72062546480217,1,1,1,1
"445",41,4,16.0204015907813,4,0,2.84527095720631,1,1,1,1
"446",41,5,18.0999287984513,3,1,25.0589402030698,1,1,1,1
"447",41,6,19.4475752925822,4,1,24.1140824977034,1,1,1,1
"448",41,7,20.0935687321832,5,1,25.7345044126998,1,1,1,1
"449",41,8,20.3585257011225,4,1,24.8305570847478,1,1,1,1
"450",41,9,20.4601659324627,3,1,25.2453475076221,1,1,1,1
"451",41,10,20.4981479823716,3,1,24.0924752361178,1,1,1,1
"452",42,0,11.0201207723373,0,0,7.16660870388365,1,0,1,0
"453",42,1,11.0677609044252,1,1,12.4901433139719,1,0,1,0
"454",42,2,12.4859603030193,1,1,12.0466456073725,1,0,1,0
"455",42,3,13.4405935646673,2,0,4.87202004790395,1,1,1,1
"456",42,4,15.5201207723373,3,1,26.4637381947004,1,1,1,1
"457",42,5,17.5996479800074,3,1,27.3901088558675,1,1,1,1
"458",42,6,18.9472944741383,4,1,25.6713846439658,1,1,1,1
"459",42,7,19.5932879137392,4,1,26.2652704288425,1,1,1,1
"460",42,8,19.8582448826785,5,1,26.3240564059088,1,1,1,1
"461",42,9,19.9598851140188,3,1,27.8241754063478,1,1,1,1
"462",42,10,19.9978671639276,4,1,25.4372045082025,1,1,1,1
"463",43,0,11.6759958996863,0,1,7.15970270291821,1,0,0,0
"464",43,1,10.6500583257239,1,0,6.14036054274086,1,1,0,0
"465",43,2,10.2588885548831,2,1,12.0985149427022,1,1,0,0
"466",43,3,11.1297218716813,1,1,12.6007392210629,1,1,0,0
"467",43,4,16.1759958996863,3,0,6.37359001637873,1,1,1,1
"468",43,5,18.2555231073563,4,1,28.0291411287049,1,1,1,1
"469",43,6,19.6031696014872,4,1,26.0453981033808,1,1,1,1
"470",43,7,20.2491630410882,5,1,27.3664640681943,1,1,1,1
"471",43,8,20.5141200100275,5,1,26.4738264966465,1,1,1,1
"472",43,9,20.6157602413677,4,1,26.9289102395888,1,1,1,1
"473",43,10,20.6537422912766,4,1,26.4199097262251,1,1,1,1
"474",44,0,9.9431515561421,0,0,8.87664685626675,1,0,0,0
"475",44,1,8.32047346757219,1,0,0.334746088332611,1,0,0,0
"476",44,2,8.63684921680672,1,1,14.2214955421309,1,0,0,0
"477",44,3,8.95699318733222,1,1,13.3199029016906,1,0,0,0
"478",44,4,9.802085950026,1,0,4.25373843615647,1,0,1,0
"479",44,5,14.5348689742737,2,0,6.21216337541438,1,0,1,0
"480",44,6,17.870325257943,4,1,27.5798800290193,1,1,1,1
"481",44,7,18.516318697544,3,1,29.4258257669028,1,1,1,1
"482",44,8,18.7812756664833,5,1,28.3647356444075,1,1,1,1
"483",44,9,18.8829158978235,4,1,26.6863714362826,1,1,1,1
"484",44,10,18.9208979477324,4,1,27.4213698978881,1,1,1,1
"485",45,0,10.6525828075694,0,0,4.27614718159828,1,0,0,0
"486",45,1,0,0,0,0,0,0,0,0
"487",45,2,0,0,0,0,0,0,0,0
"488",45,3,0,0,0,0,0,0,0,0
"489",45,4,0,0,0,0,0,0,0,0
"490",45,5,0,0,0,0,0,0,0,0
"491",45,6,0,0,0,0,0,0,0,0
"492",45,7,0,0,0,0,0,0,0,0
"493",45,8,0,0,0,0,0,0,0,0
"494",45,9,0,0,0,0,0,0,0,0
"495",45,10,0,0,0,0,0,0,0,0
"496",46,0,8.44266469277858,0,0,4.8864486642444,1,1,0,0
"497",46,1,8.46737652010443,0,0,7.59148305930957,1,1,0,0
"498",46,2,9.60317277399425,2,0,12.2648930173399,1,1,0,0
"499",46,3,10.8631374851085,1,1,9.06219515015557,1,1,1,1
"500",46,4,12.9426646927786,2,0,4.9182910037913,1,1,1,1
"501",46,5,15.0221919004486,2,0,2.6053382653906,1,1,1,1
"502",46,6,16.3698383945795,3,1,25.2997244745846,1,1,1,1
"503",46,7,17.0158318341805,5,1,24.6375516590136,1,1,1,1
"504",46,8,17.2807888031198,4,1,23.7361234788529,1,1,1,1
"505",46,9,17.38242903446,4,1,23.9891310387032,1,1,1,1
"506",46,10,17.4204110843689,5,1,23.5882876428232,1,1,1,1
"507",47,0,13.8765674729543,0,0,3.93281741487602,1,0,0,0
"508",47,1,14.3034003315524,2,0,5.6166850450385,1,1,1,1
"509",47,2,14.9493937711534,1,1,25.382411145399,1,1,1,1
"510",47,3,16.2970402652843,3,1,25.815667723942,1,1,1,1
"511",47,4,18.3765674729543,4,1,22.6911000068578,1,1,1,1
"512",47,5,20.4560946806244,4,1,22.3679575619758,1,1,1,1
"513",47,6,21.8037411747553,4,1,22.865716045571,1,1,1,1
"514",47,7,22.4497346143562,4,1,23.4152387383341,1,1,1,1
"515",47,8,22.7146915832955,3,1,23.0455463124524,1,1,1,1
"516",47,9,22.8163318146358,4,1,24.4573150250785,1,1,1,1
"517",47,10,22.8543138645446,4,1,22.1029818390803,1,1,1,1
"518",48,0,11.7376793464482,0,0,3.13377980765055,1,0,0,0
"519",48,1,12.1645122050463,3,0,0.235782149216812,1,1,1,1
"520",48,2,12.8105056446473,2,1,7.7790458381198,1,1,1,1
"521",48,3,14.1581521387782,2,0,8.60670839620646,1,1,1,1
"522",48,4,16.2376793464482,5,1,25.560827308811,1,1,1,1
"523",48,5,18.3172065541183,3,1,24.2284528045464,1,1,1,1
"524",48,6,19.6648530482492,3,1,24.1566630203935,1,1,1,1
"525",48,7,20.3108464878501,4,1,25.3813822288907,1,1,1,1
"526",48,8,20.5758034567894,3,1,22.7028182691759,1,1,1,1
"527",48,9,20.6774436881297,5,1,22.7279699033863,1,1,1,1
"528",48,10,20.7154257380385,4,1,22.6107514925356,1,1,1,1
"529",49,0,10.4155949366726,0,0,7.78924977770561,1,0,0,0
"530",49,1,10.6985254702254,1,1,12.532551416019,1,0,0,0
"531",49,2,11.7322882679029,1,1,12.8881519423342,1,0,0,0
"532",49,3,12.9526789056046,2,1,12.6947078426568,1,0,1,0
"533",49,4,13.761487394868,1,0,4.03598516992771,1,0,1,0
"534",49,5,15.9133117126215,2,0,6.77926863036205,1,0,1,0
"535",49,6,18.9738625611269,3,1,27.8739994215541,1,0,1,0
"536",49,7,18.9887620780745,4,1,26.218698080856,1,1,1,1
"537",49,8,19.2537190470138,4,1,28.7400095908273,1,1,1,1
"538",49,9,19.355359278354,5,1,27.073579151089,1,1,1,1
"539",49,10,19.3933413282629,3,1,26.7013239972636,1,1,1,1
"540",50,0,11.0221301072069,0,0,5.44643070961079,1,0,1,0
"541",50,1,11.7113146169915,1,1,9.95118630495234,1,0,1,0
"542",50,2,12.0949564054059,4,0,5.57251164295698,1,1,1,1
"543",50,3,13.4426028995368,2,0,9.2444382537492,1,1,1,1
"544",50,4,15.5221301072069,2,1,24.0596242278601,1,1,1,1
"545",50,5,17.6016573148769,6,1,24.0426428323504,1,1,1,1
"546",50,6,18.9493038090078,5,1,25.4741363987318,1,1,1,1
"547",50,7,19.5952972486088,5,0,6.39920566056951,1,1,1,1
"548",50,8,19.8602542175481,3,1,27.2291348544144,1,1,1,1
"549",50,9,19.9618944488883,4,1,27.5795720483687,1,1,1,1
"550",50,10,19.9998764987972,3,1,24.8314023777839,1,1,1,1
"551",51,0,7.56579018079772,0,0,5.30897994231696,1,0,1,0
"552",51,1,7.99262303939582,0,1,10.7663212889287,1,1,1,1
"553",51,2,8.63861647899678,1,0,4.05005939477117,1,1,1,1
"554",51,3,9.98626297312768,2,0,4.87563992759712,1,1,1,1
"555",51,4,12.0657901807977,2,0,3.73133739824068,1,1,1,1
"556",51,5,14.1453173884678,2,0,6.72434054693303,1,1,1,1
"557",51,6,15.4929638825987,2,1,25.0572873678903,1,1,1,1
"558",51,7,16.1389573221996,4,1,24.7025111087749,1,1,1,1
"559",51,8,16.4039142911389,4,1,26.7842347453215,1,1,1,1
"560",51,9,16.5055545224792,3,1,26.8991136013976,1,1,1,1
"561",51,10,16.543536572388,4,1,26.0785820591101,1,1,1,1
"562",52,0,6.77500749306691,0,0,3.71487318494012,1,0,0,0
"563",52,1,6.14273642830928,1,0,3.78043851740917,1,0,0,0
"564",52,2,5.75412154675854,0,0,3.79917915119213,1,0,0,0
"565",52,3,5.93971301158203,1,0,11.938889555501,1,0,0,0
"566",52,4,5.71876712820723,1,0,2.64665866892551,1,0,0,0
"567",52,5,10.672348145971,1,0,5.8677890421331,1,0,1,0
"568",52,6,13.0809533738425,3,0,1.59127987469888,1,0,1,0
"569",52,7,15.3481746344688,1,0,5.15761714454662,1,1,1,1
"570",52,8,15.6131316034081,2,1,25.0422818884791,1,1,1,1
"571",52,9,15.7147718347484,2,1,25.0272394426496,1,1,1,1
"572",52,10,15.7527538846572,2,1,25.0622811768183,1,1,1,1
"573",53,0,9.17416824553075,0,1,3.88602998598525,1,0,0,0
"574",53,1,9.46640942456954,2,0,2.91612603544212,1,0,0,0
"575",53,2,10.7223134183943,1,0,4.58305451135987,1,1,0,0
"576",53,3,0,0,0,0,0,0,0,0
"577",53,4,0,0,0,0,0,0,0,0
"578",53,5,0,0,0,0,0,0,0,0
"579",53,6,0,0,0,0,0,0,0,0
"580",53,7,0,0,0,0,0,0,0,0
"581",53,8,3.99040146761576,2,0,7.74645906961164,1,0,1,0
"582",53,9,9.25812913426804,1,0,10.0902419500342,1,0,1,0
"583",53,10,14.5761615206684,1,0,6.13904250501574,1,0,1,0
"584",54,0,9.38723096929414,0,0,3.92944570951286,1,0,0,0
"585",54,1,9.3496030729557,1,0,4.00766250055867,1,0,0,0
"586",54,2,9.07220075691514,1,0,1.52746462455076,1,0,0,0
"587",54,3,7.98904638643595,1,1,8.57817807577594,1,0,0,0
"588",54,4,8.15489520818261,0,1,8.89151517861979,1,0,0,0
"589",54,5,7.65897865312517,1,0,5.39716824505206,1,0,0,0
"590",54,6,6.92336416720716,1,1,8.79021861172145,1,0,0,0
"591",54,7,5.81110145403152,2,0,3.93533693542604,1,0,0,0
"592",54,8,5.46275729989189,1,0,4.34051947510915,1,0,0,0
"593",54,9,6.93287487372592,1,0,2.49773062002388,1,0,0,0
"594",54,10,5.58709048600598,0,0,6.88992914521893,1,0,0,0
"595",55,0,9.32778474726141,0,0,4.91390722745214,1,0,1,0
"596",55,1,9.05915882715825,1,0,5.8539110024436,1,0,1,0
"597",55,2,10.3200688571945,1,0,3.74161717683706,1,0,1,0
"598",55,3,11.7482575395914,2,1,10.3831808382506,1,1,1,1
"599",55,4,13.8277847472614,2,0,6.23308241001813,1,1,1,1
"600",55,5,15.9073119549315,2,0,4.79784091253861,1,1,1,1
"601",55,6,17.2549584490624,4,1,23.9077359583219,1,1,1,1
"602",55,7,17.9009518886633,4,1,24.3985448414819,1,1,1,1
"603",55,8,18.1659088576026,4,1,24.1823818495097,1,1,1,1
"604",55,9,18.2675490889429,5,1,26.5582873636219,1,1,1,1
"605",55,10,18.3055311388517,5,1,24.8576861480951,1,1,1,1
"606",56,0,9.35005472180867,0,0,4.44989802436198,1,0,0,0
"607",56,1,8.96697695007167,1,0,5.19051254273525,1,0,0,0
"608",56,2,10.6519180716228,1,0,3.27087761268575,1,0,0,0
"609",56,3,8.72842311042661,1,1,9.57360709995178,1,0,0,0
"610",56,4,9.17980471038475,1,0,2.26221773195969,1,0,0,0
"611",56,5,7.98807164464085,1,0,5.86198224902943,1,0,0,0
"612",56,6,8.77983337708051,1,0,1.60298732660082,1,0,0,0
"613",56,7,12.6657706733757,2,1,9.51860058687878,1,0,1,0
"614",56,8,18.1881788321498,4,1,26.7934119972579,1,1,1,1
"615",56,9,18.2898190634901,5,1,23.2198169596771,1,1,1,1
"616",56,10,18.327801113399,4,1,23.8603741783498,1,1,1,1
"617",57,0,9.44792144409888,0,0,8.21574903763044,1,0,0,0
"618",57,1,8.3333699294745,1,0,4.02284292140083,1,0,0,0
"619",57,2,7.53700425476651,1,1,12.4929062623618,1,0,0,0
"620",57,3,6.09016100539339,1,1,12.7680477388503,1,0,0,0
"621",57,4,7.67364695799476,1,0,7.39572989076293,1,0,1,0
"622",57,5,10.4345710982637,0,0,6.53452576996551,1,0,1,0
"623",57,6,14.4123912770187,2,0,1.43885663307452,1,0,1,0
"624",57,7,18.0210885855008,3,1,27.6112723453162,1,1,1,1
"625",57,8,18.2860455544401,4,1,26.4553306795384,1,1,1,1
"626",57,9,18.3876857857803,4,1,29.4131245733284,1,1,1,1
"627",57,10,18.4256678356892,4,1,28.8935675949855,1,1,1,1
"628",58,0,10.1997882731434,0,1,3.54075907810546,1,0,0,0
"629",58,1,9.3134449886527,1,0,6.56897095454493,1,0,0,0
"630",58,2,9.56153571642616,1,0,2.82178122016713,1,0,0,0
"631",58,3,9.99554499660701,1,0,7.16524370620254,1,0,0,0
"632",58,4,10.9423820199066,1,0,1.3175130022244,1,0,0,0
"633",58,5,13.2290209744439,3,0,4.15700748743875,1,0,1,0
"634",58,6,18.1269619749443,4,0,3.99298719873227,1,1,1,1
"635",58,7,18.7729554145453,4,0,4.0477051860428,1,1,1,1
"636",58,8,19.0379123834846,4,1,23.2272522188337,1,1,1,1
"637",58,9,19.1395526148248,4,1,23.9558794760833,1,1,1,1
"638",58,10,19.1775346647337,4,1,24.6708835447418,1,1,1,1
"639",59,0,9.60630582449381,0,0,5.80711606099461,1,0,1,0
"640",59,1,9.06896114415895,1,0,4.58572705892982,1,0,1,0
"641",59,2,0,0,0,0,0,0,0,0
"642",59,3,0,0,0,0,0,0,0,0
"643",59,4,0,0,0,0,0,0,0,0
"644",59,5,0,0,0,0,0,0,0,0
"645",59,6,0,0,0,0,0,0,0,0
"646",59,7,0,0,0,0,0,0,0,0
"647",59,8,0,0,0,0,0,0,0,0
"648",59,9,0,0,0,0,0,0,0,0
"649",59,10,0,0,0,0,0,0,0,0
"650",60,0,10.3780703520914,0,0,3.62637745369928,1,0,1,0
"651",60,1,9.48953897787855,2,1,7.95314344815467,1,0,1,0
"652",60,2,11.480973134823,1,0,5.57779574960686,1,0,1,0
"653",60,3,0,0,0,0,0,0,0,0
"654",60,4,0,0,0,0,0,0,0,0
"655",60,5,0,0,0,0,0,0,0,0
"656",60,6,0,0,0,0,0,0,0,0
"657",60,7,0,0,0,0,0,0,0,0
"658",60,8,0,0,0,0,0,0,0,0
"659",60,9,0,0,0,0,0,0,0,0
"660",60,10,0,0,0,0,0,0,0,0
"661",61,0,12.2386126768095,0,0,1.88187481067676,1,0,0,0
"662",61,1,12.6654455354076,2,0,3.30810914914435,1,1,1,1
"663",61,2,13.3114389750086,3,1,7.29319326346077,1,1,1,1
"664",61,3,14.6590854691395,2,0,5.30775472656383,1,1,1,1
"665",61,4,16.7386126768095,4,1,22.9011813905216,1,1,1,1
"666",61,5,18.8181398844795,4,1,23.5604811733131,1,1,1,1
"667",61,6,20.1657863786104,4,0,4.6645354705509,1,1,1,1
"668",61,7,20.8117798182114,4,1,21.8987468000986,1,1,1,1
"669",61,8,21.0767367871507,5,1,21.973551918089,1,1,1,1
"670",61,9,21.1783770184909,5,1,21.4148625134488,1,1,1,1
"671",61,10,21.2163590683998,4,1,22.2104666135195,1,1,1,1
"672",62,0,8.60941727872276,0,1,5.57259598414682,1,0,0,0
"673",62,1,9.00195563914438,1,0,7.86472731078359,1,0,0,0
"674",62,2,10.4736451318008,1,0,7.54682857773562,1,0,0,0
"675",62,3,12.7382248208915,2,1,11.3686035175841,1,0,1,0
"676",62,4,13.1094172787228,2,0,6.1240805684248,1,1,1,1
"677",62,5,15.1889444863928,2,1,25.231647875292,1,1,1,1
"678",62,6,16.5365909805237,3,1,24.9450475986142,1,1,1,1
"679",62,7,17.1825844201247,4,1,24.1967378780541,1,1,1,1
"680",62,8,17.4475413890639,4,1,24.5013586476937,1,1,1,1
"681",62,9,17.5491816204042,4,1,25.8109168624976,1,1,1,1
"682",62,10,17.587163670313,3,1,26.0431314366416,1,1,1,1
"683",63,0,11.2317869303736,0,0,8.85179839815554,1,0,0,0
"684",63,1,10.6057730955726,1,0,5.62080442182876,1,0,0,0
"685",63,2,9.54484104430262,1,0,4.78371616087186,1,0,0,0
"686",63,3,9.40222820971695,1,0,6.68333824937768,1,0,0,0
"687",63,4,10.5409348999234,0,0,2.0735045140582,1,0,0,0
"688",63,5,10.9032866091693,1,0,2.43570740530872,1,0,0,0
"689",63,6,14.7355410417595,2,1,26.286538898416,1,1,0,0
"690",63,7,19.8049540717755,5,1,27.553933982096,1,1,1,1
"691",63,8,20.0699110407147,4,1,29.386858073293,1,1,1,1
"692",63,9,20.171551272055,4,1,28.017115535819,1,1,1,1
"693",63,10,20.2095333219639,4,1,29.7624996668333,1,1,1,1
"694",64,0,9.14449637505324,0,0,5.85762124380761,1,0,0,0
"695",64,1,7.32327740509077,2,0,2.45274222427213,1,0,0,0
"696",64,2,8.52545259079903,0,0,4.28804241826768,1,1,0,0
"697",64,3,8.49658414363508,2,1,10.639979300867,1,1,0,0
"698",64,4,11.3946806526211,1,1,11.6579091817649,1,1,0,0
"699",64,5,13.2060304196485,2,0,2.02297970851799,1,1,0,0
"700",64,6,17.0716700768542,4,1,26.3192046405354,1,1,1,1
"701",64,7,17.7176635164551,4,1,25.1557520647663,1,1,1,1
"702",64,8,17.9826204853944,4,1,25.8380447868084,1,1,1,1
"703",64,9,18.0842607167347,4,1,24.4977865472853,1,1,1,1
"704",64,10,18.1222427666435,3,1,25.499591276304,1,1,1,1
"705",65,0,8.46994138834661,0,1,4.01540740100704,1,0,0,0
"706",65,1,9.49840696814385,1,0,4.61735043450213,1,0,0,0
"707",65,2,10.2205024681001,1,1,8.92156807233034,1,0,0,0
"708",65,3,11.3411069645124,0,0,3.24777579726772,1,0,0,0
"709",65,4,13.0195236772659,1,1,9.23460612734429,1,0,0,0
"710",65,5,15.9580740316981,2,0,5.80565776671092,1,1,0,0
"711",65,6,16.3971150901476,4,1,24.8336213105312,1,1,1,1
"712",65,7,17.0431085297485,4,1,21.8719694608451,1,1,1,1
"713",65,8,17.3080654986878,4,0,4.14325954315151,1,1,1,1
"714",65,9,17.4097057300281,4,1,23.3018813889988,1,1,1,1
"715",65,10,17.4476877799369,4,1,24.4054077269678,1,1,1,1
"716",66,0,9.6110233539547,0,0,4.42504700172069,1,0,0,0
"717",66,1,8.46639320855944,1,1,9.55460591716121,1,0,0,0
"718",66,2,9.97045923256355,1,1,9.56878881453242,1,0,1,0
"719",66,3,11.2973872769171,0,0,6.39594717182422,1,0,1,0
"720",66,4,13.6451858068374,1,0,5.81800406736789,1,0,1,0
"721",66,5,16.1905505616247,4,0,2.36419031730879,1,1,1,1
"722",66,6,17.5381970557556,3,1,22.979871894325,1,1,1,1
"723",66,7,18.1841904953566,5,1,25.3982761783386,1,1,1,1
"724",66,8,18.4491474642959,5,1,22.475424507598,1,1,1,1
"725",66,9,18.5507876956361,5,1,24.4047205392847,1,1,1,1
"726",66,10,18.588769745545,5,1,24.3285635766509,1,1,1,1
"727",67,0,7.86124718744388,0,0,5.59155817334257,1,0,0,0
"728",67,1,8.57408638425741,0,0,3.29677131233918,1,1,0,0
"729",67,2,9.98125497347495,1,0,5.63250192899079,1,1,0,0
"730",67,3,9.9094999914046,0,0,4.54834221177549,1,1,0,0
"731",67,4,12.3612471874439,2,0,5.16227674139284,1,1,1,1
"732",67,5,14.4407743951139,2,0,5.09305619958667,1,1,1,1
"733",67,6,15.7884208892448,2,1,27.1482700365419,1,1,1,1
"734",67,7,16.4344143288458,4,1,23.3433530450764,1,1,1,1
"735",67,8,16.6993712977851,3,1,25.2096891353661,1,1,1,1
"736",67,9,16.8010115291253,4,1,25.8808487612126,1,1,1,1
"737",67,10,16.8389935790342,3,1,26.3229042788627,1,1,1,1
"738",68,0,12.1223889333734,0,0,6.97512581324215,1,0,0,0
"739",68,1,12.5492217919715,2,0,9.64584237569274,1,1,1,1
"740",68,2,13.1952152315725,2,1,12.6281560337645,1,1,1,1
"741",68,3,14.5428617257034,2,0,10.2483958070346,1,1,1,1
"742",68,4,16.6223889333734,4,1,25.3476894425527,1,1,1,1
"743",68,5,18.7019161410435,5,1,26.9310376999981,1,1,1,1
"744",68,6,20.0495626351744,4,1,28.2509232354516,1,1,1,1
"745",68,7,20.6955560747753,5,1,26.551026671148,1,1,1,1
"746",68,8,20.9605130437146,4,1,26.4347225057534,1,1,1,1
"747",68,9,21.0621532750549,4,1,26.699958612437,1,1,1,1
"748",68,10,21.1001353249637,4,1,25.6900115823786,1,1,1,1
"749",69,0,10.3083794943018,0,0,7.56616627823337,1,0,0,0
"750",69,1,0,0,0,0,0,0,0,0
"751",69,2,0,0,0,0,0,0,0,0
"752",69,3,0,0,0,0,0,0,0,0
"753",69,4,0,0,0,0,0,0,0,0
"754",69,5,0,0,0,0,0,0,0,0
"755",69,6,0,0,0,0,0,0,0,0
"756",69,7,0,0,0,0,0,0,0,0
"757",69,8,0,0,0,0,0,0,0,0
"758",69,9,0,0,0,0,0,0,0,0
"759",69,10,0,0,0,0,0,0,0,0
"760",70,0,8.29497917824591,0,1,8.44669554592935,1,0,0,0
"761",70,1,8.88329408834274,1,1,12.9835290509925,1,0,0,0
"762",70,2,8.59116965063263,2,1,13.7956307755262,1,0,0,0
"763",70,3,9.17932849316337,1,1,13.9728065086274,1,0,0,0
"764",70,4,9.03672350406079,1,0,4.03214524584895,1,0,0,0
"765",70,5,8.46475262908243,2,0,3.32107604627934,1,0,0,0
"766",70,6,8.24130978565625,1,0,6.31067548036881,1,0,0,0
"767",70,7,8.42583838713419,1,0,4.07189486350952,1,0,0,0
"768",70,8,11.9755512586387,1,0,7.87009501802569,1,1,0,0
"769",70,9,17.2347435199273,5,0,1.51757634163563,1,1,1,1
"770",70,10,17.2727255698362,4,1,29.2769153529719,1,1,1,1
"771",71,0,10.0568559442202,0,0,3.75682474602248,1,1,0,0
"772",71,1,10.4836888028183,1,0,6.43119573635069,1,1,1,1
"773",71,2,11.1296822424192,1,0,5.49755303526399,1,1,1,1
"774",71,3,12.4773287365501,2,0,8.17484726672892,1,1,1,1
"775",71,4,14.5568559442202,2,1,22.9408962989443,1,1,1,1
"776",71,5,16.6363831518902,4,1,24.0906633127716,1,1,1,1
"777",71,6,17.9840296460211,4,1,23.5668583166815,1,1,1,1
"778",71,7,18.6300230856221,3,1,24.4066762180658,1,1,1,1
"779",71,8,18.8949800545613,4,1,23.8521251298255,1,1,1,1
"780",71,9,18.9966202859016,4,1,24.4962782279579,1,1,1,1
"781",71,10,19.0346023358104,4,1,23.1975956995216,1,1,1,1
"782",72,0,7.15989964183004,0,1,1.57459728060052,1,0,0,0
"783",72,1,7.44410375278601,1,0,6.56940809198721,1,0,0,0
"784",72,2,6.74987190443077,1,0,6.12585189988305,1,0,0,0
"785",72,3,8.00498680387492,2,0,4.97624112076584,1,0,0,0
"786",72,4,8.5039905245684,2,0,6.67453956749103,1,0,0,0
"787",72,5,9.40407352345366,2,0,7.66622341281451,1,0,0,0
"788",72,6,7.71514617958897,1,0,7.89101357796233,1,0,0,0
"789",72,7,7.42262307283643,1,0,4.81604547681224,1,0,0,0
"790",72,8,6.58675635252056,0,1,6.83985134342905,1,0,0,0
"791",72,9,6.22673713311487,1,0,6.94642379562714,1,0,0,0
"792",72,10,0,0,0,0,0,0,0,0
"793",73,0,9.98639329783935,0,1,3.66334198423906,1,0,0,0
"794",73,1,9.30142407332577,0,0,4.8020642981525,1,0,0,0
"795",73,2,8.24332405718047,1,0,6.90541753538651,1,0,0,0
"796",73,3,8.22666670237844,2,1,8.40304574850001,1,0,0,0
"797",73,4,6.82619397118911,1,0,5.34067034047552,1,0,0,0
"798",73,5,6.9088544624461,2,0,3.18304002592475,1,0,0,0
"799",73,6,5.59206782252918,2,1,8.65855231792641,1,0,0,0
"800",73,7,10.0686474911291,1,1,9.34816730282731,1,0,1,0
"801",73,8,13.4244232984232,2,0,6.2306215498629,1,0,1,0
"802",73,9,18.9261576395208,4,1,24.0958962612692,1,1,1,1
"803",73,10,18.9641396894296,4,1,23.747898967649,1,1,1,1
"804",74,0,8.978216414187,0,0,1.51046348880672,1,0,0,0
"805",74,1,7.98326206892187,1,0,2.82453188442064,1,0,0,0
"806",74,2,8.0601072304368,1,0,6.34182698331388,1,0,0,0
"807",74,3,9.17690388769926,1,0,3.55033952639009,1,0,1,0
"808",74,4,10.864932104855,1,1,7.23617138741323,1,0,1,0
"809",74,5,14.0463778717054,2,0,9.71429008418748,1,0,1,0
"810",74,6,16.9053901159879,5,1,21.4755250544501,1,1,1,1
"811",74,7,17.5513835555889,4,1,20.8073764906639,1,1,1,1
"812",74,8,17.8163405245282,4,1,22.2354453372869,1,1,1,1
"813",74,9,17.9179807558684,4,1,21.9564247130416,1,1,1,1
"814",74,10,17.9559628057773,4,1,19.7765862772974,1,1,1,1
"815",75,0,12.7793771933224,0,0,6.90346496514286,1,0,0,0
"816",75,1,11.8236099414449,1,0,6.88601762334128,1,0,1,0
"817",75,2,13.8522034915214,2,1,11.6784082561336,1,1,1,1
"818",75,3,15.1998499856523,1,0,2.385210752216,1,1,1,1
"819",75,4,17.2793771933224,5,1,25.4238078429645,1,1,1,1
"820",75,5,19.3589044009924,4,1,26.9496949690833,1,1,1,1
"821",75,6,20.7065508951233,4,1,27.6929535486998,1,1,1,1
"822",75,7,21.3525443347243,4,1,26.600556677421,1,1,1,1
"823",75,8,21.6175013036635,4,1,26.5248958014387,1,1,1,1
"824",75,9,21.7191415350038,4,1,26.7919631449303,1,1,1,1
"825",75,10,21.7571235849126,4,1,27.3502229451073,1,1,1,1
"826",76,0,9.10347417290991,0,0,3.66063178803294,1,0,1,0
"827",76,1,9.43224608066168,2,0,4.79172124047188,1,0,1,0
"828",76,2,10.176300471109,1,0,4.20781420689373,1,1,1,1
"829",76,3,11.5239469652399,2,0,7.28945058701267,1,1,1,1
"830",76,4,13.6034741729099,2,1,9.1696940037847,1,1,1,1
"831",76,5,15.68300138058,1,1,22.6950310004027,1,1,1,1
"832",76,6,17.0306478747109,4,1,24.6123077728431,1,1,1,1
"833",76,7,17.6766413143118,3,1,23.6695622124752,1,1,1,1
"834",76,8,17.9415982832511,4,1,23.2517339788615,1,1,1,1
"835",76,9,18.0432385145914,4,1,23.7739275097923,1,1,1,1
"836",76,10,18.0812205645002,4,1,23.6277265315726,1,1,1,1
"837",77,0,9.20871216655911,0,0,4.10181130777346,1,0,0,0
"838",77,1,9.91396244442456,1,1,10.4672947345556,1,0,1,0
"839",77,2,9.29464575182349,0,1,8.8865184359228,1,0,1,0
"840",77,3,10.8241368913378,1,1,9.43183634727504,1,0,1,0
"841",77,4,13.0518197499034,3,0,4.84566165196257,1,0,1,0
"842",77,5,15.7882393742292,2,0,7.79748840532841,1,1,1,1
"843",77,6,17.13588586836,4,1,25.0459141393302,1,1,1,1
"844",77,7,17.781879307961,4,1,23.340650621919,1,1,1,1
"845",77,8,18.0468362769003,5,1,23.7853615207054,1,1,1,1
"846",77,9,18.1484765082405,4,1,24.521834507585,1,1,1,1
"847",77,10,18.1864585581494,3,1,23.8471198764015,1,1,1,1
"848",78,0,10.6073106630478,0,0,6.96789594357874,1,0,0,0
"849",78,1,10.0913679977607,1,0,6.41738915324071,1,0,0,0
"850",78,2,13.603195160095,2,1,12.3066900779332,1,0,1,0
"851",78,3,15.2967386329074,2,1,26.7886428079065,1,0,1,0
"852",78,4,15.1073106630478,2,1,27.5946586134854,1,1,1,1
"853",78,5,17.1868378707178,4,1,26.0509234767956,1,1,1,1
"854",78,6,18.5344843648487,4,1,27.8246659643491,1,1,1,1
"855",78,7,19.1804778044497,4,0,3.34153716160239,1,1,1,1
"856",78,8,19.4454347733889,5,1,28.0439889216414,1,1,1,1
"857",78,9,19.5470750047292,3,1,27.7315541084966,1,1,1,1
"858",78,10,19.585057054638,4,1,28.0522682970094,1,1,1,1
"859",79,0,9.51296230111219,0,0,9.06188433120869,1,0,0,0
"860",79,1,7.64152996320414,1,0,2.15301688162044,1,0,0,0
"861",79,2,7.40424002812252,0,1,13.9136701125164,1,0,1,0
"862",79,3,10.9776340043885,2,0,4.76622194310814,1,0,1,0
"863",79,4,14.3055519895037,3,1,26.9625506177896,1,0,1,0
"864",79,5,16.0924895087822,4,1,29.4898711218684,1,1,1,1
"865",79,6,17.4401360029131,4,1,29.2458738816498,1,1,1,1
"866",79,7,18.0861294425141,3,1,28.5608027375473,1,1,1,1
"867",79,8,18.3510864114534,4,1,29.2997703713359,1,1,1,1
"868",79,9,18.4527266427936,3,1,30.0812506772073,1,1,1,1
"869",79,10,18.4907086927025,3,1,28.0937345740245,1,1,1,1
"870",80,0,8.38497134718503,0,1,5.69534662431265,1,1,0,0
"871",80,1,8.60883975611844,1,0,3.88094926817248,1,1,0,0
"872",80,2,9.05545739173936,2,0,5.89036800878623,1,1,0,0
"873",80,3,9.41993434451989,1,1,10.3973112121539,1,1,0,0
"874",80,4,10.395698964351,1,0,2.59704524251807,1,1,0,0
"875",80,5,14.9644985548551,2,0,8.49440946597954,1,1,1,1
"876",80,6,16.312145048986,4,1,26.0440028000629,1,1,1,1
"877",80,7,16.9581384885869,5,1,27.1662738097579,1,1,1,1
"878",80,8,17.2230954575262,4,1,25.5081300666553,1,1,1,1
"879",80,9,17.3247356888665,4,1,26.216171972722,1,1,1,1
"880",80,10,17.3627177387753,4,1,26.2437113902723,1,1,1,1
"881",81,0,12.9751579501499,0,0,6.24159943705608,1,0,0,0
"882",81,1,13.401990808748,3,1,10.4946326615794,1,1,1,1
"883",81,2,14.047984248349,2,1,26.184605322253,1,1,1,1
"884",81,3,15.3956307424799,2,1,26.5214009426813,1,1,1,1
"885",81,4,17.4751579501499,4,1,25.964612389593,1,1,1,1
"886",81,5,19.55468515782,4,1,26.092695599143,1,1,1,1
"887",81,6,20.9023316519509,5,1,25.6415254822156,1,1,1,1
"888",81,7,21.5483250915518,4,1,24.6931291317008,1,1,1,1
"889",81,8,21.8132820604911,4,1,28.7847355466362,1,1,1,1
"890",81,9,21.9149222918314,5,1,25.7112375583317,1,1,1,1
"891",81,10,21.9529043417402,4,1,25.5026773087345,1,1,1,1
"892",82,0,11.0338103657218,0,0,5.82508350044813,1,0,0,0
"893",82,1,10.9991784707142,1,0,4.94404860357673,1,0,0,0
"894",82,2,11.0293094870403,1,1,11.5576948094754,1,0,1,0
"895",82,3,11.6545753406178,1,1,10.9774753367844,1,0,1,0
"896",82,4,15.5338103657218,2,0,7.32635518699986,1,1,1,1
"897",82,5,17.6133375733918,3,1,25.3234443088856,1,1,1,1
"898",82,6,18.9609840675227,4,1,25.6000256475935,1,1,1,1
"899",82,7,19.6069775071237,4,1,26.7865332781795,1,1,1,1
"900",82,8,19.8719344760629,4,1,24.6980246435239,1,1,1,1
"901",82,9,19.9735747074032,4,1,24.8848484757105,1,1,1,1
"902",82,10,20.0115567573121,4,1,24.8508676735451,1,1,1,1
"903",83,0,10.4579646048165,0,0,6.10889973037518,1,0,0,0
"904",83,1,10.0594367220674,1,0,2.88216543809791,1,1,0,0
"905",83,2,9.48517957921904,1,0,5.21918575137944,1,1,0,0
"906",83,3,9.4813503833197,0,0,4.85339199085583,1,1,0,0
"907",83,4,11.5578821205956,1,0,3.84516905288041,1,1,0,0
"908",83,5,17.0374918124865,4,0,10.9399633501403,1,1,1,1
"909",83,6,18.3851383066174,3,1,25.7289011533609,1,1,1,1
"910",83,7,19.0311317462184,4,1,25.0930109424705,1,1,1,1
"911",83,8,19.2960887151576,4,1,26.8104631437,1,1,1,1
"912",83,9,19.3977289464979,4,1,24.5605907367606,1,1,1,1
"913",83,10,19.4357109964067,5,1,26.9766738446271,1,1,1,1
"914",84,0,10.9058121733865,0,0,7.03497229553874,1,0,0,0
"915",84,1,12.0631427126386,2,0,4.50696348210813,1,0,0,0
"916",84,2,11.9786384715856,1,1,11.554608063684,1,1,1,1
"917",84,3,13.3262849657165,2,1,11.1333072300056,1,1,1,1
"918",84,4,15.4058121733865,1,1,25.4351939405273,1,1,1,1
"919",84,5,17.4853393810566,3,1,26.7609299016846,1,1,1,1
"920",84,6,18.8329858751875,3,1,27.07292326568,1,1,1,1
"921",84,7,19.4789793147884,4,1,28.4242904734147,1,1,1,1
"922",84,8,19.7439362837277,4,1,26.9513101359116,1,1,1,1
"923",84,9,19.845576515068,3,1,29.1758530035089,1,1,1,1
"924",84,10,19.8835585649768,4,1,27.5338625773746,1,1,1,1
"925",85,0,10.9386971909507,0,1,4.75179996549748,1,0,1,0
"926",85,1,11.5293282061585,1,0,6.06052564942248,1,0,1,0
"927",85,2,12.2374427668533,2,0,3.04206490014569,1,0,1,0
"928",85,3,13.3591699832807,2,0,5.20728997761717,1,1,1,1
"929",85,4,15.4386971909507,3,0,4.89523471621662,1,1,1,1
"930",85,5,17.5182243986208,4,1,22.9115362071459,1,1,1,1
"931",85,6,18.8658708927517,5,1,24.3693536057996,1,1,1,1
"932",85,7,19.5118643323526,4,1,25.7195403432005,1,1,1,1
"933",85,8,19.7768213012919,4,1,24.1087348310435,1,1,1,1
"934",85,9,19.8784615326322,4,1,23.9338548232678,1,1,1,1
"935",85,10,19.916443582541,4,1,24.7866023698176,1,1,1,1
"936",86,0,9.69432157293849,0,0,3.58589893816174,1,1,0,0
"937",86,1,9.37067262687266,1,0,6.06667748565504,1,1,0,0
"938",86,2,10.9232128813494,1,1,8.16792861330802,1,1,0,0
"939",86,3,10.9389427442506,1,0,3.09323761269452,1,1,0,0
"940",86,4,14.1943215729385,2,1,24.785853407122,1,1,1,1
"941",86,5,16.2738487806085,4,1,23.4054788347335,1,1,1,1
"942",86,6,17.6214952747394,4,1,22.9950836429866,1,1,1,1
"943",86,7,18.2674887143404,4,1,22.5723093513181,1,1,1,1
"944",86,8,18.5324456832797,4,1,23.2208976680584,1,1,1,1
"945",86,9,18.6340859146199,4,1,22.2898798636605,1,1,1,1
"946",86,10,18.6720679645288,4,1,23.330136812945,1,1,1,1
"947",87,0,8.71840042126595,0,1,4.24144608651857,1,0,0,0
"948",87,1,8.97928587010469,1,1,9.15722317318983,1,0,0,0
"949",87,2,8.2162083461358,1,0,3.84897565394983,1,0,0,0
"950",87,3,7.70749628874764,0,0,5.71980681024412,1,0,0,0
"951",87,4,5.81715004310308,1,0,1.80500412114409,1,0,0,0
"952",87,5,6.56348475058517,1,0,7.14141774293117,1,0,0,0
"953",87,6,10.0720804091051,1,0,5.69612283002513,1,1,0,0
"954",87,7,14.647670084782,2,0,6.54210721594247,1,1,0,0
"955",87,8,17.5565245316071,4,1,24.1733396548245,1,1,1,1
"956",87,9,17.6581647629474,4,1,24.3408389790845,1,1,1,1
"957",87,10,17.6961468128562,5,1,24.5431608166844,1,1,1,1
"958",88,0,10.7866580112648,0,0,4.52476473532691,1,0,1,0
"959",88,1,9.62260441939864,1,0,6.54792035499627,1,0,1,0
"960",88,2,11.8594843094638,2,0,5.61057616109738,1,1,1,1
"961",88,3,13.2071308035947,1,0,9.42369808656097,1,1,1,1
"962",88,4,15.2866580112648,2,0,5.34364884597924,1,1,1,1
"963",88,5,17.3661852189348,3,1,25.9551263862415,1,1,1,1
"964",88,6,18.7138317130657,5,1,24.2980915685539,1,1,1,1
"965",88,7,19.3598251526667,4,1,24.7405709299088,1,1,1,1
"966",88,8,19.6247821216059,5,1,26.9305428960973,1,1,1,1
"967",88,9,19.7264223529462,4,1,24.3199687532231,1,1,1,1
"968",88,10,19.764404402855,4,1,23.4544818919971,1,1,1,1
"969",89,0,10.4132076632851,0,0,6.69955255401375,1,1,0,0
"970",89,1,11.098471196333,1,0,5.16570924691026,1,1,0,0
"971",89,2,0,0,0,0,0,0,0,0
"972",89,3,0,0,0,0,0,0,0,0
"973",89,4,0,0,0,0,0,0,0,0
"974",89,5,0,0,0,0,0,0,0,0
"975",89,6,0,0,0,0,0,0,0,0
"976",89,7,0,0,0,0,0,0,0,0
"977",89,8,0,0,0,0,0,0,0,0
"978",89,9,0,0,0,0,0,0,0,0
"979",89,10,0,0,0,0,0,0,0,0
"980",90,0,11.2123756351477,0,0,1.64051402353618,1,0,0,0
"981",90,1,12.9359136670484,2,1,6.46180063799339,1,0,0,0
"982",90,2,12.2852019333468,3,0,5.8371577657891,1,1,1,1
"983",90,3,13.6328484274777,2,0,5.88056279911835,1,1,1,1
"984",90,4,15.7123756351477,2,0,4.82640557070486,1,1,1,1
"985",90,5,17.7919028428178,4,1,21.2223113714581,1,1,1,1
"986",90,6,19.1395493369487,4,1,22.1631548857147,1,1,1,1
"987",90,7,19.7855427765496,4,1,21.4913657592367,1,1,1,1
"988",90,8,20.0504997454889,4,1,22.6042782152291,1,1,1,1
"989",90,9,20.1521399768292,4,1,21.9612751796289,1,1,1,1
"990",90,10,20.190122026738,4,1,23.9820144547206,1,1,1,1
"991",91,0,10.0417129517976,0,0,6.05241177896174,1,0,0,0
"992",91,1,8.88710715210408,1,0,2.03742291705326,1,0,0,0
"993",91,2,9.87133485835685,2,0,6.17406077153806,1,0,0,0
"994",91,3,8.67597559053442,1,0,7.31508650338526,1,0,0,0
"995",91,4,9.27471747629267,0,0,8.27788570626083,1,0,0,0
"996",91,5,8.49241538024211,0,0,5.11443920612695,1,0,0,0
"997",91,6,8.20163857007611,1,0,4.06286678309524,1,0,0,0
"998",91,7,13.2090517772282,2,0,2.8213025183711,1,0,1,0
"999",91,8,18.8798370621388,3,0,6.81188138593307,1,1,1,1
"1000",91,9,18.9814772934791,4,1,25.4138436549519,1,1,1,1
"1001",91,10,19.0194593433879,4,1,25.655772383973,1,1,1,1
"1002",92,0,8.07929607378135,0,0,4.36471023352602,1,0,0,0
"1003",92,1,8.72173618503237,0,0,2.48912366671297,1,0,0,0
"1004",92,2,9.33319329712737,1,1,9.41866509893171,1,0,0,0
"1005",92,3,9.48603875317272,1,1,8.84018482582322,1,0,0,0
"1006",92,4,14.0112175613497,2,0,7.49997958181743,1,1,0,0
"1007",92,5,14.6588232814514,3,1,23.1471086648114,1,1,1,1
"1008",92,6,16.0064697755823,4,1,26.5160569252855,1,1,1,1
"1009",92,7,16.6524632151832,4,1,24.5376064006248,1,1,1,1
"1010",92,8,16.9174201841225,4,1,23.5755825898467,1,1,1,1
"1011",92,9,17.0190604154628,4,1,23.575421029161,1,1,1,1
"1012",92,10,17.0570424653716,5,0,4.63248354288118,1,1,1,1
"1013",93,0,9.21517598363794,0,0,4.46976600829689,1,0,0,0
"1014",93,1,9.31212359822819,1,0,2.50598571387614,1,1,0,0
"1015",93,2,7.51098749342689,1,0,7.85425698485746,1,1,0,0
"1016",93,3,9.07285285876559,1,0,7.73972952412935,1,1,0,0
"1017",93,4,10.0288372853715,1,1,9.47412962189497,1,1,0,0
"1018",93,5,13.4446854146408,2,0,3.87467449660963,1,1,0,0
"1019",93,6,15.8592254481725,1,1,23.7406610576205,1,1,0,0
"1020",93,7,17.7883431250398,3,1,23.3402075460457,1,1,1,1
"1021",93,8,18.0533000939791,4,1,24.1203157432882,1,1,1,1
"1022",93,9,18.1549403253194,4,1,23.4620842122376,1,1,1,1
"1023",93,10,18.1929223752282,4,1,24.3287186784682,1,1,1,1
"1024",94,0,6.71000533383464,0,1,3.3348686680271,1,0,0,0
"1025",94,1,0,0,0,0,0,0,0,0
"1026",94,2,0,0,0,0,0,0,0,0
"1027",94,3,0,0,0,0,0,0,0,0
"1028",94,4,0,0,0,0,0,0,0,0
"1029",94,5,0,0,0,0,0,0,0,0
"1030",94,6,0,0,0,0,0,0,0,0
"1031",94,7,0,0,0,0,0,0,0,0
"1032",94,8,0,0,0,0,0,0,0,0
"1033",94,9,0,0,0,0,0,0,0,0
"1034",94,10,0,0,0,0,0,0,0,0
"1035",95,0,10.9519971692489,0,0,9.42168221334778,1,0,0,0
"1036",95,1,10.5978360775142,2,0,3.46659818009719,1,0,0,0
"1037",95,2,9.2588611349195,1,1,15.1347033440576,1,0,0,0
"1038",95,3,10.0590287602037,1,0,4.40138838306042,1,0,1,0
"1039",95,4,14.007347751736,3,0,3.16173748250651,1,0,1,0
"1040",95,5,17.531524376919,4,1,28.1251566305645,1,1,1,1
"1041",95,6,18.8791708710499,4,1,30.2618362350413,1,1,1,1
"1042",95,7,19.5251643106508,4,1,29.4753605816172,1,1,1,1
"1043",95,8,19.7901212795901,4,1,28.1352538385037,1,1,1,1
"1044",95,9,19.8917615109304,3,1,28.821743666656,1,1,1,1
"1045",95,10,19.9297435608392,5,1,29.1473887882038,1,1,1,1
"1046",96,0,9.82764304210885,0,0,6.5622860845589,1,0,0,0
"1047",96,1,10.4417391065312,1,0,7.74042000082199,1,0,0,0
"1048",96,2,8.72358497487544,0,0,6.48863781199346,1,0,0,0
"1049",96,3,9.78656319201495,2,0,7.02514951194165,1,0,0,0
"1050",96,4,9.90662998677256,2,1,11.3218338321605,1,0,0,0
"1051",96,5,12.3519128900548,2,0,6.8656178003547,1,0,1,0
"1052",96,6,17.7548167439098,4,1,29.0461971414711,1,1,1,1
"1053",96,7,18.4008101835107,4,1,27.2761304935511,1,1,1,1
"1054",96,8,18.66576715245,5,1,24.8590949427629,1,1,1,1
"1055",96,9,18.7674073837903,3,1,28.109861441235,1,1,1,1
"1056",96,10,18.8053894336991,4,1,26.0300734804511,1,1,1,1
"1057",97,0,10.3282006871,0,0,6.9513582220998,1,0,0,0
"1058",97,1,9.66566041519514,1,0,4.82343075928832,1,0,0,0
"1059",97,2,9.93715188853435,0,1,11.2974243143388,1,0,0,0
"1060",97,3,10.8312218494416,2,0,3.89683967570226,1,0,1,0
"1061",97,4,13.9165403970944,2,0,8.20136714601772,1,0,1,0
"1062",97,5,16.90772789477,4,0,3.11989983063602,1,1,1,1
"1063",97,6,18.2553743889009,5,1,26.7233656699675,1,1,1,1
"1064",97,7,18.9013678285019,4,1,26.6501863449745,1,1,1,1
"1065",97,8,19.1663247974412,4,1,25.9437163422705,1,1,1,1
"1066",97,9,19.2679650287814,5,1,27.9137144891985,1,1,1,1
"1067",97,10,19.3059470786903,5,1,24.4524627103243,1,1,1,1
"1068",98,0,9.97485349681993,0,0,4.76359906688354,1,0,0,0
"1069",98,1,8.71769642119075,1,0,4.19332207483304,1,0,0,0
"1070",98,2,7.47421077227096,2,0,5.13741926780228,1,0,0,0
"1071",98,3,6.87688349606794,1,0,1.69074714386824,1,0,0,0
"1072",98,4,6.86617699556426,0,0,3.93697393291788,1,0,0,0
"1073",98,5,5.96312140465782,1,0,2.98042799270531,1,0,0,0
"1074",98,6,6.87605368888245,1,0,4.54218508865062,1,0,0,0
"1075",98,7,5.3580120927981,1,1,9.03344832344249,1,0,0,0
"1076",98,8,5.80354895480069,1,0,8.1317413540773,1,0,0,0
"1077",98,9,5.46592600532593,1,0,5.5958353909998,1,0,0,0
"1078",98,10,4.32268882520674,1,0,6.11052765203195,1,0,0,0
"1079",99,0,8.846741663333,0,0,7.0293068040287,1,0,0,0
"1080",99,1,7.44576622033116,1,1,13.0899149518635,1,0,0,0
"1081",99,2,7.2888997084285,1,0,7.96195213538842,1,0,0,0
"1082",99,3,8.13060236606683,1,0,1.59677561589865,1,0,1,0
"1083",99,4,13.346741663333,2,0,2.77542010865312,1,1,1,1
"1084",99,5,15.426268871003,1,0,6.30236681085281,1,1,1,1
"1085",99,6,16.7739153651339,3,1,26.2695608961928,1,1,1,1
"1086",99,7,17.4199088047349,4,1,26.9157159543538,1,1,1,1
"1087",99,8,17.6848657736742,5,1,27.1352361719802,1,1,1,1
"1088",99,9,17.7865060050144,4,1,27.7343311585642,1,1,1,1
"1089",99,10,17.8244880549233,5,1,27.3915420035409,1,1,1,1
"1090",100,0,9.75988381135509,0,0,5.45780984788683,1,0,0,0
"1091",100,1,8.83707257862912,1,0,4.94017156816887,1,0,0,0
"1092",100,2,10.4590522385216,0,0,4.91736646745892,1,1,0,0
"1093",100,3,9.94683176204141,1,0,2.43402904102019,1,1,0,0
"1094",100,4,11.6939388844262,0,1,11.0952249392122,1,1,0,0
"1095",100,5,16.3394110190251,4,1,25.2399704049659,1,1,1,1
"1096",100,6,17.687057513156,4,1,26.9541413786114,1,1,1,1
"1097",100,7,18.333050952757,4,1,26.8247936947206,1,1,1,1
"1098",100,8,18.5980079216963,4,1,25.3073404710886,1,1,1,1
"1099",100,9,18.6996481530365,4,1,25.882524921589,1,1,1,1
"1100",100,10,18.7376302029454,4,1,24.8029710436073,1,1,1,1
